rank,reach_id,priority_class,priority_score,susceptibility_score,susceptibility_class,observed_change_score,observed_change_class,debris_flag,confidence_score,confidence_class,inspection_group,inspection_labels,lon,lat,stream_order,upstream_area_km2,small_catchment,crossing_type,notes
1,R01595,Priority 2,0.744933819477863,0.762001716778173,Very High,0.8002244668911335,Very High,,0.6466835064879973,Medium,Priority Inspection Location,High Logjam Susceptibility; Priority Inspection Location,139.850564,33.098867,2,0.715,False,minor,"susceptibility 0.76 (high); observed change 0.80 (strong) | drivers: wood_delivery_score (0.23), upstream_disturbance_pct (0.10), disturbance_to_stream_proximity (0.10)"
2,R01428,Priority 2,0.713246630836724,0.7282971885377095,High,0.7777777777777777,Very High,,0.6376217242751676,Medium,Priority Inspection Location,High Logjam Susceptibility; Priority Inspection Location,139.803135,33.103416,3,1.43,False,,"susceptibility 0.73 (high); observed change 0.78 (strong) | drivers: wood_delivery_score (0.23), disturbance_to_stream_proximity (0.10), slope_break (0.10)"
3,R01484,Priority 2,0.6788033665752959,0.5744841199512297,High,0.904040404040404,Very High,,0.6356396184651741,Medium,Priority Inspection Location,High Logjam Susceptibility; Priority Inspection Location,139.825396,33.108657,2,0.329,False,,"susceptibility 0.57 (high); observed change 0.90 (strong) | drivers: wood_delivery_score (0.22), disturbance_to_stream_proximity (0.10), upstream_disturbance_pct (0.08)"
4,R01492,Priority 2,0.6659877930318866,0.6412548176901437,High,0.7891737891737892,Very High,,0.5925854755874373,Medium,Priority Inspection Location,High Logjam Susceptibility; Priority Inspection Location,139.825792,33.115552,2,1.073,False,,"susceptibility 0.64 (high); observed change 0.79 (strong) | drivers: wood_delivery_score (0.25), disturbance_to_stream_proximity (0.10), upstream_disturbance_pct (0.09)"
5,R01743,Priority 2,0.6553290823489534,0.6771891104935663,High,0.7222222222222222,High,,0.7198809535730454,Medium,Priority Inspection Location,High Logjam Susceptibility; Priority Inspection Location,139.851944,33.09455,3,1.212,False,,"susceptibility 0.68 (high); observed change 0.72 (strong) | drivers: wood_delivery_score (0.24), disturbance_to_stream_proximity (0.10), upstream_disturbance_pct (0.09)"
6,R01871,Priority 2,0.6449189052986698,0.6779337652318616,High,0.6998722860791826,High,,0.6060249077086248,Medium,Priority Inspection Location,High Logjam Susceptibility; Priority Inspection Location,139.849943,33.089507,3,1.443,False,major,"susceptibility 0.68 (high); observed change 0.70 (strong) | drivers: wood_delivery_score (0.24), upstream_disturbance_pct (0.10), disturbance_to_stream_proximity (0.10)"
7,R01553,Priority 2,0.6400399711159768,0.5958416748410792,High,0.7927031509121061,Very High,,0.6192550428165258,Medium,Priority Inspection Location,High Logjam Susceptibility; Priority Inspection Location,139.802975,33.102417,2,1.057,False,,"susceptibility 0.60 (high); observed change 0.79 (strong) | drivers: wood_delivery_score (0.22), upstream_disturbance_pct (0.10), disturbance_to_stream_proximity (0.10)"
8,R01258,Priority 2,0.6318286477980766,0.6380869459000374,High,0.7216854535695115,High,,0.5995685343259913,Medium,Priority Inspection Location,High Logjam Susceptibility; Priority Inspection Location,139.827627,33.110142,2,0.502,False,,"susceptibility 0.64 (high); observed change 0.72 (strong) | drivers: wood_delivery_score (0.23), upstream_disturbance_pct (0.10), disturbance_to_stream_proximity (0.10)"
9,R01639,Priority 2,0.6186390730832865,0.5610858203035487,High,0.7921610931319669,Very High,,0.6719544573546028,Medium,Priority Inspection Location,High Logjam Susceptibility; Priority Inspection Location,139.845989,33.094904,2,0.521,False,,"susceptibility 0.56 (high); observed change 0.79 (strong) | drivers: wood_delivery_score (0.23), disturbance_to_stream_proximity (0.10), upstream_disturbance_pct (0.09)"
10,R01637,Priority 2,0.618497465699413,0.6219468748237754,High,0.7138047138047138,High,,0.6072452814164371,Medium,Priority Inspection Location,High Logjam Susceptibility; Priority Inspection Location,139.844557,33.095548,2,0.452,False,,"susceptibility 0.62 (high); observed change 0.71 (strong) | drivers: wood_delivery_score (0.22), disturbance_to_stream_proximity (0.10), slope_break (0.09)"
11,R01551,Priority 2,0.6183530625570126,0.6716084794985852,High,0.6527257594673325,High,,0.6039618124967536,Medium,Priority Inspection Location,High Logjam Susceptibility; Priority Inspection Location,139.802676,33.100753,2,0.779,False,,"susceptibility 0.67 (high); observed change 0.65 (strong) | drivers: wood_delivery_score (0.19), upstream_disturbance_pct (0.10), disturbance_to_stream_proximity (0.10)"
12,R01433,Priority 2,0.6171204851607697,0.7167991657003159,High,0.5970507544581618,High,,0.6133139467237022,Medium,Priority Inspection Location,High Logjam Susceptibility; Priority Inspection Location,139.801302,33.107246,3,1.608,False,,"susceptibility 0.72 (high); observed change 0.60 (strong) | drivers: wood_delivery_score (0.25), slope_break (0.10), upstream_landslide (0.08)"
13,R00997,Priority 2,0.5956769381461368,0.6430983860047945,High,0.6399291108028972,High,,0.5535089847509891,Medium,Priority Inspection Location,High Logjam Susceptibility; Priority Inspection Location,139.825936,33.116428,3,1.082,False,,"susceptibility 0.64 (high); observed change 0.64 (strong) | drivers: wood_delivery_score (0.25), disturbance_to_stream_proximity (0.10), upstream_disturbance_pct (0.09)"
14,R01942,Priority 1,0.5887021400258027,0.5445781861248836,High,0.7488129154795822,High,Possible Logjam,0.6042866698383409,Medium,Priority Inspection Location,Possible Logjam; High Logjam Susceptibility; Priority Inspection Location,139.851139,33.082295,2,1.553,False,major,"susceptibility 0.54 (high); observed change 0.75 (strong); satellite evidence: Possible Logjam | drivers: wood_delivery_score (0.18), slope_break (0.06), upstream_area (0.05)"
15,R01698,Priority 2,0.5848187236950182,0.639513595824833,High,0.6215440792905581,High,,0.5509120141928805,Medium,Priority Inspection Location,High Logjam Susceptibility; Priority Inspection Location,139.802394,33.097857,1,0.625,False,minor,"susceptibility 0.64 (high); observed change 0.62 (strong) | drivers: wood_delivery_score (0.22), upstream_disturbance_pct (0.10), disturbance_to_stream_proximity (0.10)"
16,R01594,Priority 2,0.5846722549590199,0.5636661821790805,High,0.7153635116598079,High,,0.5993533284631917,Medium,Priority Inspection Location,High Logjam Susceptibility; Priority Inspection Location,139.84979,33.098443,2,0.349,False,,"susceptibility 0.56 (high); observed change 0.72 (strong) | drivers: wood_delivery_score (0.23), upstream_disturbance_pct (0.10), disturbance_to_stream_proximity (0.10)"
17,R01170,Priority 2,0.5819132227159052,0.6367181480842975,High,0.6188205681409564,High,,0.6185521932041954,Medium,Priority Inspection Location,High Logjam Susceptibility; Priority Inspection Location,139.827285,33.111723,2,0.526,False,major,"susceptibility 0.64 (high); observed change 0.62 (strong) | drivers: wood_delivery_score (0.24), disturbance_to_stream_proximity (0.10), upstream_disturbance_pct (0.09)"
18,R01572,Priority 2,0.5788663147950428,0.7043301143935989,High,0.5335829963986655,High,,0.5154825912761284,Medium,Priority Inspection Location,High Logjam Susceptibility; Priority Inspection Location,139.812359,33.102783,2,1.246,False,,"susceptibility 0.70 (high); observed change 0.53 (strong) | drivers: wood_delivery_score (0.22), upstream_disturbance_pct (0.10), slope_break (0.10)"
19,R01867,Priority 2,0.5783926555872505,0.6831031685314798,High,0.5568942436412316,High,,0.647269015551319,Medium,Priority Inspection Location,High Logjam Susceptibility; Priority Inspection Location,139.846361,33.089512,3,1.292,False,,"susceptibility 0.68 (high); observed change 0.56 (strong) | drivers: wood_delivery_score (0.23), upstream_disturbance_pct (0.10), disturbance_to_stream_proximity (0.10)"
20,R01487,Priority 2,0.5771985430659724,0.5200390215099067,High,0.7558922558922558,Very High,,0.6961237430090856,Medium,Priority Inspection Location,High Logjam Susceptibility; Priority Inspection Location,139.825683,33.11128,2,0.371,False,,"susceptibility 0.52 (high); observed change 0.76 (strong) | drivers: wood_delivery_score (0.23), disturbance_to_stream_proximity (0.10), upstream_disturbance_pct (0.09)"
21,R01600,Priority 2,0.5731561100960139,0.7114046583836214,High,0.5139829669241434,High,,0.5704275188294466,Medium,Priority Inspection Location,High Logjam Susceptibility; Priority Inspection Location,139.852936,33.098016,2,0.768,False,minor,"susceptibility 0.71 (high); observed change 0.51 (strong) | drivers: wood_delivery_score (0.25), upstream_disturbance_pct (0.10), disturbance_to_stream_proximity (0.08)"
22,R01640,Priority 2,0.5707271573890627,0.6068396026578967,High,0.6314586191129401,High,,0.6157220276448182,Medium,Priority Inspection Location,High Logjam Susceptibility; Priority Inspection Location,139.846894,33.094504,2,0.894,False,major,"susceptibility 0.61 (high); observed change 0.63 (strong) | drivers: wood_delivery_score (0.23), disturbance_to_stream_proximity (0.10), upstream_disturbance_pct (0.09)"
23,R02091,Priority 1,0.567942402696794,0.5305675120742689,High,0.7217217217217218,High,Possible Logjam,0.6424993564175615,Medium,Priority Inspection Location,Possible Logjam; High Logjam Susceptibility; Priority Inspection Location,139.852027,33.082645,3,1.575,False,major,"susceptibility 0.53 (high); observed change 0.72 (strong); satellite evidence: Possible Logjam | drivers: wood_delivery_score (0.22), upstream_disturbance_pct (0.06), upstream_area (0.05)"
24,R01491,Priority 2,0.565044234902109,0.5199434914336112,High,0.7292464878671775,High,,0.5909307579666419,Medium,Priority Inspection Location,High Logjam Susceptibility; Priority Inspection Location,139.825315,33.114807,2,0.401,False,,"susceptibility 0.52 (high); observed change 0.73 (strong) | drivers: wood_delivery_score (0.23), disturbance_to_stream_proximity (0.10), upstream_disturbance_pct (0.10)"
25,R01475,Priority 2,0.5606726737029392,0.560708574145078,High,0.6672278338945005,High,,0.6505087377750297,Medium,Priority Inspection Location,High Logjam Susceptibility; Priority Inspection Location,139.846648,33.099913,1,0.292,False,major,"susceptibility 0.56 (high); observed change 0.67 (strong) | drivers: wood_delivery_score (0.21), disturbance_to_stream_proximity (0.10), upstream_disturbance_pct (0.09)"
26,R01742,Priority 2,0.5593867055617663,0.6013335597819397,High,0.6140911025968497,High,,0.5893577769335745,Medium,Priority Inspection Location,High Logjam Susceptibility; Priority Inspection Location,139.85117,33.094273,3,1.048,False,,"susceptibility 0.60 (high); observed change 0.61 (strong) | drivers: wood_delivery_score (0.24), disturbance_to_stream_proximity (0.10), upstream_disturbance_pct (0.09)"
27,R01649,Priority 2,0.5572507022043088,0.5805288741241373,High,0.6350762527233115,High,,0.5841524683927806,Medium,Priority Inspection Location,High Logjam Susceptibility; Priority Inspection Location,139.785966,33.100255,1,0.34,False,minor,"susceptibility 0.58 (high); observed change 0.64 (strong) | drivers: wood_delivery_score (0.23), disturbance_to_stream_proximity (0.10), upstream_disturbance_pct (0.06)"
28,R01544,Priority 2,0.5569255858982737,0.6008934130980328,High,0.6093928980526919,High,,0.6356537780632161,Medium,Priority Inspection Location,High Logjam Susceptibility; Priority Inspection Location,139.797856,33.100618,2,0.182,True,,"susceptibility 0.60 (high); observed change 0.61 (strong) | drivers: wood_delivery_score (0.21), disturbance_to_stream_proximity (0.10), upstream_disturbance_pct (0.08) | small catchment: may be a dry gully"
29,R00155,Priority 2,0.5562014389265705,0.5219486198694759,High,0.7071563088512242,High,,0.6264830560401334,Medium,Priority Inspection Location,High Logjam Susceptibility; Priority Inspection Location,139.785639,33.147362,2,0.475,False,,"susceptibility 0.52 (high); observed change 0.71 (strong) | drivers: wood_delivery_score (0.20), disturbance_to_stream_proximity (0.10), upstream_disturbance_pct (0.08)"
30,R01486,Priority 2,0.5508685083579818,0.5214561403059547,High,0.6960584437648658,High,,0.5999250511906289,Medium,Priority Inspection Location,High Logjam Susceptibility; Priority Inspection Location,139.825695,33.110369,2,0.358,False,,"susceptibility 0.52 (high); observed change 0.70 (strong) | drivers: wood_delivery_score (0.23), disturbance_to_stream_proximity (0.10), upstream_disturbance_pct (0.09)"
31,R01638,Priority 2,0.5461995466924887,0.5851453830227848,High,0.60570987654321,High,,0.6027599744653686,Medium,Priority Inspection Location,High Logjam Susceptibility; Priority Inspection Location,139.845117,33.094819,2,0.491,False,,"susceptibility 0.59 (high); observed change 0.61 (strong) | drivers: wood_delivery_score (0.22), disturbance_to_stream_proximity (0.10), upstream_disturbance_pct (0.08)"
32,R01612,Priority 2,0.544383242194052,0.563632743603343,High,0.6283376399655469,High,,0.5831188043826482,Medium,Priority Inspection Location,High Logjam Susceptibility; Priority Inspection Location,139.802688,33.099912,2,0.751,False,,"susceptibility 0.56 (high); observed change 0.63 (strong) | drivers: wood_delivery_score (0.23), disturbance_to_stream_proximity (0.10), upstream_disturbance_pct (0.09)"
33,R01485,Priority 2,0.5420631062396044,0.5351620993720891,High,0.659122085048011,High,,0.6022500148690539,Medium,Priority Inspection Location,High Logjam Susceptibility; Priority Inspection Location,139.825479,33.109536,2,0.343,False,,"susceptibility 0.54 (high); observed change 0.66 (strong) | drivers: wood_delivery_score (0.23), disturbance_to_stream_proximity (0.10), upstream_disturbance_pct (0.08)"
34,R01171,Priority 2,0.540770553485192,0.590010804761484,High,0.5881718383146138,High,,0.5821123649953448,Medium,Priority Inspection Location,High Logjam Susceptibility; Priority Inspection Location,139.826953,33.112461,2,0.558,False,major,"susceptibility 0.59 (high); observed change 0.59 (strong) | drivers: wood_delivery_score (0.24), disturbance_to_stream_proximity (0.10), upstream_disturbance_pct (0.09)"
35,R01473,Priority 2,0.539542511825881,0.5671411058384276,High,0.613534094842506,High,,0.598896722211373,Medium,Priority Inspection Location,High Logjam Susceptibility; Priority Inspection Location,139.844761,33.100437,1,0.184,True,,"susceptibility 0.57 (high); observed change 0.61 (strong) | drivers: wood_delivery_score (0.20), disturbance_to_stream_proximity (0.10), slope_break (0.10) | small catchment: may be a dry gully"
36,R01082,Priority 2,0.5394084918135249,0.5202449569019927,High,0.6723905723905723,High,,0.5797090413658537,Medium,Priority Inspection Location,High Logjam Susceptibility; Priority Inspection Location,139.830783,33.114645,2,0.327,False,,"susceptibility 0.52 (high); observed change 0.67 (strong) | drivers: wood_delivery_score (0.22), disturbance_to_stream_proximity (0.10), upstream_disturbance_pct (0.09)"
37,R01490,Priority 2,0.5388659057398917,0.5489826320673933,High,0.6346801346801347,High,,0.6053465671019959,Medium,Priority Inspection Location,High Logjam Susceptibility; Priority Inspection Location,139.825327,33.113896,2,0.394,False,major,"susceptibility 0.55 (high); observed change 0.63 (strong) | drivers: wood_delivery_score (0.23), disturbance_to_stream_proximity (0.10), upstream_disturbance_pct (0.10)"
38,R01089,Priority 2,0.5381149964539697,0.6424318133535973,High,0.520434227330779,High,,0.5206417721943838,Medium,Priority Inspection Location,High Logjam Susceptibility; Priority Inspection Location,139.842205,33.114078,1,0.109,True,,"susceptibility 0.64 (high); observed change 0.52 (strong) | drivers: wood_delivery_score (0.23), upstream_disturbance_pct (0.10), disturbance_to_stream_proximity (0.10) | small catchment: may be a dry gully"
39,R01257,Priority 2,0.5369891185184236,0.5503249905985487,High,0.6289173789173789,High,,0.5737441542292071,Medium,Priority Inspection Location,High Logjam Susceptibility; Priority Inspection Location,139.827779,33.109359,2,0.313,False,,"susceptibility 0.55 (high); observed change 0.63 (strong) | drivers: wood_delivery_score (0.23), upstream_disturbance_pct (0.10), disturbance_to_stream_proximity (0.08)"
40,R02065,Priority 2,0.533484400725017,0.5921308004289382,High,0.5700483091787439,High,,0.6094817397479487,Medium,Priority Inspection Location,High Logjam Susceptibility; Priority Inspection Location,139.851001,33.082747,2,1.553,False,,"susceptibility 0.59 (high); observed change 0.57 (strong) | drivers: wood_delivery_score (0.21), slope_break (0.07), disturbance_to_stream_proximity (0.06)"
41,R01430,Priority 2,0.5333928916193359,0.591732183252187,High,0.570332959221848,High,,0.5725382478425102,Medium,Priority Inspection Location,High Logjam Susceptibility; Priority Inspection Location,139.802938,33.105141,3,1.507,False,minor,"susceptibility 0.59 (high); observed change 0.57 (strong) | drivers: wood_delivery_score (0.24), disturbance_to_stream_proximity (0.10), upstream_landslide (0.07)"
42,R01429,Priority 2,0.5330415478369308,0.5741531241929981,High,0.5909090909090909,High,,0.5646654183993597,Medium,Priority Inspection Location,High Logjam Susceptibility; Priority Inspection Location,139.80295,33.104247,3,1.442,False,minor,"susceptibility 0.57 (high); observed change 0.59 (strong) | drivers: wood_delivery_score (0.24), disturbance_to_stream_proximity (0.10), upstream_landslide (0.07)"
43,R01081,Priority 2,0.53143012402652,0.6257712026782205,High,0.5257936507936508,High,,0.5668586881728858,Medium,Priority Inspection Location,High Logjam Susceptibility; Priority Inspection Location,139.830796,33.11367,2,0.302,False,,"susceptibility 0.63 (high); observed change 0.53 (strong) | drivers: wood_delivery_score (0.22), disturbance_to_stream_proximity (0.10), slope_break (0.10)"
44,R01674,Priority 1,0.5312462057188895,0.5415181087449188,High,0.6274509803921569,High,Possible Logjam,0.6055392204546461,Medium,Priority Inspection Location,Possible Logjam; High Logjam Susceptibility; Priority Inspection Location,139.803298,33.102304,1,1.057,False,,"susceptibility 0.54 (high); observed change 0.63 (strong); satellite evidence: Possible Logjam | drivers: wood_delivery_score (0.22), disturbance_to_stream_proximity (0.09), upstream_disturbance_pct (0.05)"
45,R01070,Priority 2,0.5291016745733161,0.5464609527838106,High,0.6165884194053208,High,,0.5668488510631918,Medium,Priority Inspection Location,High Logjam Susceptibility; Priority Inspection Location,139.839198,33.114227,1,0.068,True,,"susceptibility 0.55 (high); observed change 0.62 (strong) | drivers: wood_delivery_score (0.22), upstream_disturbance_pct (0.10), disturbance_to_stream_proximity (0.10) | small catchment: may be a dry gully"
46,R01482,Priority 2,0.5274317967557425,0.5428623394398346,High,0.6174460174460175,High,,0.5899291704212987,Medium,Priority Inspection Location,High Logjam Susceptibility; Priority Inspection Location,139.825575,33.106891,2,0.266,False,,"susceptibility 0.54 (high); observed change 0.62 (strong) | drivers: wood_delivery_score (0.22), slope_break (0.09), disturbance_to_stream_proximity (0.08)"
47,R01611,Priority 1,0.5261498361788369,0.5312932287237784,High,0.629177958446251,High,Possible Logjam,0.5950489848854541,Medium,Priority Inspection Location,Possible Logjam; High Logjam Susceptibility; Priority Inspection Location,139.802376,33.099225,2,0.662,False,,"susceptibility 0.53 (high); observed change 0.63 (strong); satellite evidence: Possible Logjam | drivers: wood_delivery_score (0.22), upstream_disturbance_pct (0.10), disturbance_to_stream_proximity (0.10)"
48,R01488,Priority 2,0.5254801464884745,0.5252500350491682,High,0.6353535353535353,High,,0.6733270002764662,Medium,Priority Inspection Location,High Logjam Susceptibility; Priority Inspection Location,139.825423,33.112101,2,0.382,False,,"susceptibility 0.53 (high); observed change 0.64 (strong) | drivers: wood_delivery_score (0.23), disturbance_to_stream_proximity (0.10), upstream_disturbance_pct (0.10)"
49,R01727,Priority 2,0.5239489977514576,0.534459544470281,High,0.6203703703703703,High,,0.6802483707218389,Medium,Priority Inspection Location,High Logjam Susceptibility; Priority Inspection Location,139.847054,33.094173,2,0.894,False,major,"susceptibility 0.53 (high); observed change 0.62 (strong) | drivers: wood_delivery_score (0.21), disturbance_to_stream_proximity (0.10), upstream_disturbance_pct (0.06)"
50,R01633,Priority 2,0.5228052367116571,0.5495927879375629,High,0.5989940557841792,High,,0.5617146865445073,Medium,Priority Inspection Location,High Logjam Susceptibility; Priority Inspection Location,139.786354,33.100366,1,0.34,False,minor,"susceptibility 0.55 (high); observed change 0.60 (strong) | drivers: wood_delivery_score (0.19), slope_break (0.10), disturbance_to_stream_proximity (0.06)"
51,R01460,Priority 2,0.521797303106061,0.5146645935949006,High,0.6407090851535295,High,,0.6242027593037115,Medium,Priority Inspection Location,High Logjam Susceptibility; Priority Inspection Location,139.823706,33.11489,1,0.313,False,,"susceptibility 0.51 (high); observed change 0.64 (strong) | drivers: wood_delivery_score (0.22), disturbance_to_stream_proximity (0.10), upstream_disturbance_pct (0.09)"
52,R02457,Priority 2,0.5213225273947004,0.5293247249318329,High,0.6210751765171216,High,,0.6093294468127131,Medium,Priority Inspection Location,High Logjam Susceptibility; Priority Inspection Location,139.82621,33.065561,1,0.118,True,,"susceptibility 0.53 (high); observed change 0.62 (strong) | drivers: wood_delivery_score (0.20), upstream_disturbance_pct (0.10), disturbance_to_stream_proximity (0.09) | small catchment: may be a dry gully"
53,R01153,Priority 2,0.5206632554860691,0.5000487361158841,High,0.6569664902998237,High,,0.5728860732304868,Medium,Priority Inspection Location,High Logjam Susceptibility; Priority Inspection Location,139.831129,33.112768,1,0.269,False,,"susceptibility 0.50 (high); observed change 0.66 (strong) | drivers: wood_delivery_score (0.19), disturbance_to_stream_proximity (0.10), upstream_disturbance_pct (0.08)"
54,R01384,Priority 1,0.5144953550184141,0.5013917849815214,High,0.6415343915343915,High,Probable Debris Accumulation,0.5973535331943178,Medium,Priority Inspection Location,Probable Debris Accumulation; High Logjam Susceptibility; Priority Inspection Location,139.847167,33.101695,1,0.241,False,major,"susceptibility 0.50 (high); observed change 0.64 (strong); satellite evidence: Probable Debris Accumulation | drivers: wood_delivery_score (0.21), upstream_disturbance_pct (0.10), disturbance_to_stream_proximity (0.10)"
55,R01941,Priority 1,0.5143898332113793,0.5405430148230282,High,0.5918803418803419,High,Possible Logjam,0.5612875833256281,Medium,Priority Inspection Location,Possible Logjam; High Logjam Susceptibility; Priority Inspection Location,139.850552,33.081589,2,0.9,False,major,"susceptibility 0.54 (high); observed change 0.59 (strong); satellite evidence: Possible Logjam | drivers: wood_delivery_score (0.18), disturbance_to_stream_proximity (0.09), slope_break (0.05)"
56,R01489,Priority 1,0.5130130997265209,0.562196292240507,High,0.5622895622895622,High,Possible Logjam,0.5908470827321299,Medium,Priority Inspection Location,Possible Logjam; High Logjam Susceptibility; Priority Inspection Location,139.825339,33.112986,2,0.392,False,major,"susceptibility 0.56 (high); observed change 0.56 (strong); satellite evidence: Possible Logjam | drivers: wood_delivery_score (0.23), upstream_disturbance_pct (0.10), disturbance_to_stream_proximity (0.06)"
57,R01599,Priority 2,0.5037534008205888,0.6583009082760826,High,0.43083900226757366,Moderate,Possible Logjam,0.514557831473902,Medium,Priority Inspection Location,Possible Logjam; High Logjam Susceptibility; Priority Inspection Location,139.852111,33.098427,2,0.746,False,minor,"susceptibility 0.66 (high); observed change 0.43; satellite evidence: Possible Logjam | drivers: wood_delivery_score (0.25), upstream_disturbance_pct (0.10), disturbance_to_stream_proximity (0.10)"
58,R01385,Priority 2,0.4990453453464239,0.507463806619233,High,0.599537037037037,High,,0.6064642042119438,Medium,Priority Inspection Location,High Logjam Susceptibility; Priority Inspection Location,139.847961,33.101042,1,0.271,False,major,"susceptibility 0.51 (high); observed change 0.60 (strong) | drivers: wood_delivery_score (0.21), upstream_disturbance_pct (0.10), disturbance_to_stream_proximity (0.10)"
59,R01660,Priority 2,0.48701587731779034,0.5048770162957631,High,0.5761316872427983,High,,0.6211588385840003,Medium,Priority Inspection Location,High Logjam Susceptibility; Priority Inspection Location,139.850567,33.095952,1,0.118,True,,"susceptibility 0.50 (high); observed change 0.58 (strong) | drivers: wood_delivery_score (0.21), upstream_disturbance_pct (0.10), disturbance_to_stream_proximity (0.10) | small catchment: may be a dry gully"
60,R01921,Priority 2,0.48495477555016997,0.6350465490422783,High,0.4175680104883645,Moderate,Possible Logjam,0.5509503596532469,Medium,Priority Inspection Location,Possible Logjam; High Logjam Susceptibility; Priority Inspection Location,139.834433,33.087559,2,0.289,False,major,"susceptibility 0.64 (high); observed change 0.42; satellite evidence: Possible Logjam | drivers: wood_delivery_score (0.19), upstream_disturbance_pct (0.10), slope_break (0.08)"
61,R01415,Priority 2,0.4687640572104307,0.5028266219219493,High,0.5381951611053779,High,,0.559758587205679,Medium,Priority Inspection Location,High Logjam Susceptibility; Priority Inspection Location,139.798768,33.104475,1,0.074,True,,"susceptibility 0.50 (high); observed change 0.54 (strong) | drivers: wood_delivery_score (0.20), disturbance_to_stream_proximity (0.10), upstream_disturbance_pct (0.09) | small catchment: may be a dry gully"
62,R01483,Priority 2,0.46763698646251073,0.5270489583981779,High,0.506060606060606,High,,0.5127368161680991,Medium,Priority Inspection Location,High Logjam Susceptibility; Priority Inspection Location,139.825409,33.107746,2,0.281,False,,"susceptibility 0.53 (high); observed change 0.51 (strong) | drivers: wood_delivery_score (0.22), slope_break (0.08), disturbance_to_stream_proximity (0.08)"
63,R01453,Priority 1,0.46555726909669826,0.5000140073403583,High,0.534554373903391,High,Possible Logjam,0.5652932849779818,Medium,Priority Inspection Location,Possible Logjam; High Logjam Susceptibility; Priority Inspection Location,139.823625,33.108487,1,0.19,True,,"susceptibility 0.50 (high); observed change 0.53 (strong); satellite evidence: Possible Logjam | drivers: wood_delivery_score (0.20), slope_break (0.07), upstream_disturbance_pct (0.07) | small catchment: may be a dry gully"
64,R02308,Priority 2,0.4418292013706403,0.6321159386466292,High,0.3303303303303303,Moderate,Possible Logjam,0.5047297313997338,Medium,Priority Inspection Location,Possible Logjam; High Logjam Susceptibility; Priority Inspection Location,139.836536,33.074925,1,0.527,False,,"susceptibility 0.63 (high); observed change 0.33; satellite evidence: Possible Logjam | drivers: wood_delivery_score (0.21), slope_break (0.10), upstream_disturbance_pct (0.09)"
65,R02201,Priority 2,0.430152422024087,0.5672559557370416,High,0.37735849056603776,Moderate,Possible Logjam,0.5370440310520946,Medium,Priority Inspection Location,Possible Logjam; High Logjam Susceptibility; Priority Inspection Location,139.854829,33.080236,1,0.097,True,,"susceptibility 0.57 (high); observed change 0.38; satellite evidence: Possible Logjam | drivers: wood_delivery_score (0.19), slope_break (0.10), disturbance_to_stream_proximity (0.08) | small catchment: may be a dry gully"
66,R01757,Priority 2,0.40635013676608794,0.586272883025329,High,0.3050314465408805,Moderate,Possible Logjam,0.47495283425978896,Low,Priority Inspection Location,Possible Logjam; High Logjam Susceptibility; Priority Inspection Location,139.818476,33.097203,1,0.26,False,,"susceptibility 0.59 (high); observed change 0.31; satellite evidence: Possible Logjam | drivers: wood_delivery_score (0.22), slope_break (0.10), disturbance_to_stream_proximity (0.09)"
67,R01175,Priority 2,0.3982336248950469,0.5783496634302739,High,0.2962962962962963,Moderate,Possible Logjam,0.4849382782129594,Low,Priority Inspection Location,Possible Logjam; High Logjam Susceptibility; Priority Inspection Location,139.826268,33.115643,2,1.073,False,,"susceptibility 0.58 (high); observed change 0.30; satellite evidence: Possible Logjam | drivers: wood_delivery_score (0.24), upstream_disturbance_pct (0.09), disturbance_to_stream_proximity (0.07)"
68,R01710,Priority 2,0.39280936255157795,0.5327769071949748,High,0.33524904214559387,Moderate,Possible Logjam,0.5261781647424588,Medium,Priority Inspection Location,Possible Logjam; High Logjam Susceptibility; Priority Inspection Location,139.851139,33.094678,1,1.048,False,,"susceptibility 0.53 (high); observed change 0.34; satellite evidence: Possible Logjam | drivers: wood_delivery_score (0.21), upstream_disturbance_pct (0.10), disturbance_to_stream_proximity (0.10)"
69,R01058,Priority 2,0.36821374719332667,0.525448185471085,High,0.2895299145299145,Moderate,Possible Logjam,0.48209936502652295,Low,Priority Inspection Location,Possible Logjam; High Logjam Susceptibility; Priority Inspection Location,139.773913,33.111648,3,2.193,False,major,"susceptibility 0.53 (high); observed change 0.29; satellite evidence: Possible Logjam | drivers: wood_delivery_score (0.19), disturbance_to_stream_proximity (0.10), upstream_area (0.06)"
70,R00988,Priority 2,0.35468215095534517,0.5668657287180094,High,0.2149295313012127,Low,Possible Logjam,0.46859759512083604,Low,Priority Inspection Location,Possible Logjam; High Logjam Susceptibility; Priority Inspection Location,139.819424,33.118643,2,0.485,False,minor,"susceptibility 0.57 (high); observed change 0.21; satellite evidence: Possible Logjam | drivers: wood_delivery_score (0.22), slope_break (0.10), disturbance_to_stream_proximity (0.07)"
71,R01063,Priority 2,0.34938996636490716,0.558349416748757,High,0.21256038647342995,Low,Possible Logjam,0.4889855163166489,Low,Priority Inspection Location,Possible Logjam; High Logjam Susceptibility; Priority Inspection Location,139.774935,33.107543,3,2.793,False,major,"susceptibility 0.56 (high); observed change 0.21; satellite evidence: Possible Logjam | drivers: wood_delivery_score (0.19), disturbance_to_stream_proximity (0.07), upstream_area (0.06)"
72,R00423,Priority 2,0.3491570346422101,0.5844545454754437,High,0.18452380952380953,Low,Possible Logjam,0.5084821479235377,Medium,Priority Inspection Location,Possible Logjam; High Logjam Susceptibility; Priority Inspection Location,139.784381,33.134644,2,0.368,False,minor,"susceptibility 0.58 (high); observed change 0.18; satellite evidence: Possible Logjam | drivers: wood_delivery_score (0.21), upstream_disturbance_pct (0.10), slope_break (0.10)"
73,R01687,Priority 2,0.32676665586391046,0.5057532735713944,High,0.21983273596176825,Low,Possible Logjam,0.4484229479511152,Low,Priority Inspection Location,Possible Logjam; High Logjam Susceptibility; Priority Inspection Location,139.818976,33.099383,2,0.942,False,,"susceptibility 0.51 (high); observed change 0.22; satellite evidence: Possible Logjam | drivers: wood_delivery_score (0.18), disturbance_to_stream_proximity (0.06), channel_constriction (0.05)"
74,R01598,Priority 3,0.6088687451367236,0.8291139135920829,Very High,0.45707070707070707,Moderate,,0.5284240685467404,Medium,Watch list,High Logjam Susceptibility,139.851286,33.098839,2,0.722,False,minor,"susceptibility 0.83 (high); observed change 0.46 | drivers: wood_delivery_score (0.25), upstream_disturbance_pct (0.10), disturbance_to_stream_proximity (0.10)"
75,R01450,Priority 3,0.5964219181413246,0.4659164886473396,Moderate,0.8726851851851851,Very High,,0.6640183966716489,Medium,Watch list,,139.82318,33.106105,1,0.14,True,,"susceptibility 0.47; observed change 0.87 (strong) | drivers: wood_delivery_score (0.19), disturbance_to_stream_proximity (0.10), slope_break (0.05) | small catchment: may be a dry gully"
76,R01459,Priority 3,0.5786917974008758,0.4998417733743285,Moderate,0.7861952861952862,Very High,,0.6058533328210213,Medium,Watch list,,139.823718,33.113967,1,0.283,False,major,"susceptibility 0.50; observed change 0.79 (strong) | drivers: wood_delivery_score (0.22), disturbance_to_stream_proximity (0.10), upstream_disturbance_pct (0.09)"
77,R01535,Priority 3,0.568420709255407,0.4900484896938196,Moderate,0.7765432098765432,Very High,,0.6470264652883881,Medium,Watch list,,139.82612,33.10263,1,0.148,True,,"susceptibility 0.49; observed change 0.78 (strong) | drivers: wood_delivery_score (0.21), disturbance_to_stream_proximity (0.10), upstream_disturbance_pct (0.06) | small catchment: may be a dry gully"
78,R01870,Priority 3,0.5557589178971566,0.71938784805706,High,0.4698216735253772,Moderate,,0.5469032973468059,Medium,Watch list,High Logjam Susceptibility,139.84912,33.089384,3,1.362,False,major,"susceptibility 0.72 (high); observed change 0.47 | drivers: wood_delivery_score (0.24), upstream_disturbance_pct (0.10), disturbance_to_stream_proximity (0.10)"
79,R01034,Priority 3,0.5506185816320998,0.4380088291460962,Moderate,0.8078454798884905,Very High,,0.6148042156129766,Medium,Watch list,,139.83238,33.115452,1,0.078,True,,"susceptibility 0.44; observed change 0.81 (strong) | drivers: wood_delivery_score (0.20), disturbance_to_stream_proximity (0.10), upstream_disturbance_pct (0.09) | small catchment: may be a dry gully"
80,R01552,Priority 3,0.5419175233604465,0.49305828223589704,Moderate,0.7134038800705467,High,,0.5957228510418007,Medium,Watch list,,139.802664,33.10164,2,0.79,False,,"susceptibility 0.49; observed change 0.71 (strong) | drivers: wood_delivery_score (0.20), upstream_disturbance_pct (0.10), disturbance_to_stream_proximity (0.10)"
81,R01101,Priority 3,0.5401067976860554,0.4644766288829343,Moderate,0.7475633528265107,High,,0.5685842885362515,Medium,Watch list,,139.84301,33.11395,1,0.075,True,,"susceptibility 0.46; observed change 0.75 (strong) | drivers: wood_delivery_score (0.21), upstream_disturbance_pct (0.10), disturbance_to_stream_proximity (0.10) | small catchment: may be a dry gully"
82,R01648,Priority 3,0.5345265109812627,0.4567161714300246,Moderate,0.7454611474219317,High,,0.6436939102071043,Medium,Watch list,,139.785978,33.099385,1,0.163,True,,"susceptibility 0.46; observed change 0.75 (strong) | drivers: wood_delivery_score (0.22), disturbance_to_stream_proximity (0.10), upstream_disturbance_pct (0.07) | small catchment: may be a dry gully"
83,R01285,Priority 3,0.5276581301395288,0.6723377652802484,High,0.46464646464646464,Moderate,,0.5041515228332896,Medium,Watch list,High Logjam Susceptibility,139.847076,33.108035,2,0.518,False,,"susceptibility 0.67 (high); observed change 0.46 | drivers: wood_delivery_score (0.23), upstream_disturbance_pct (0.10), disturbance_to_stream_proximity (0.10)"
84,R01869,Priority 3,0.5271419572861494,0.7439590594582226,High,0.38565264293419627,Moderate,,0.5389239541805293,Medium,Watch list,High Logjam Susceptibility,139.848224,33.089104,3,1.353,False,major,"susceptibility 0.74 (high); observed change 0.39 | drivers: wood_delivery_score (0.23), upstream_disturbance_pct (0.10), disturbance_to_stream_proximity (0.10)"
85,R01726,Priority 3,0.521145402079109,0.49702876571224275,Moderate,0.6619462599854756,High,Probable Debris Accumulation,0.6678976076932255,Medium,Watch list,Probable Debris Accumulation,139.846043,33.093955,2,0.354,False,major,"susceptibility 0.50; observed change 0.66 (strong); satellite evidence: Probable Debris Accumulation | drivers: wood_delivery_score (0.21), disturbance_to_stream_proximity (0.10), upstream_disturbance_pct (0.06)"
86,R01915,Priority 3,0.5161481841703415,0.4946126393344361,Moderate,0.6539491298527443,High,,0.5758257471473236,Medium,Watch list,,139.828097,33.087564,1,0.067,True,,"susceptibility 0.49; observed change 0.65 (strong) | drivers: wood_delivery_score (0.20), disturbance_to_stream_proximity (0.10), upstream_disturbance_pct (0.08) | small catchment: may be a dry gully"
87,R01169,Priority 3,0.507907250425742,0.7250897530015907,High,0.36688944583681427,Moderate,,0.5027548100904514,Medium,Watch list,High Logjam Susceptibility,139.827486,33.110939,2,0.52,False,,"susceptibility 0.73 (high); observed change 0.37 | drivers: wood_delivery_score (0.24), disturbance_to_stream_proximity (0.10), upstream_disturbance_pct (0.09)"
88,R01593,Priority 3,0.5050440979349546,0.6784225223763773,High,0.41128337639965545,Moderate,,0.5472416099682643,Medium,Watch list,High Logjam Susceptibility,139.848869,33.09831,2,0.329,False,,"susceptibility 0.68 (high); observed change 0.41 | drivers: wood_delivery_score (0.22), upstream_disturbance_pct (0.10), disturbance_to_stream_proximity (0.10)"
89,R01431,Priority 3,0.5049154675782337,0.6422918875855707,High,0.4512077294685991,Moderate,,0.5730119374686597,Medium,Watch list,High Logjam Susceptibility,139.802667,33.105941,3,1.551,False,minor,"susceptibility 0.64 (high); observed change 0.45 | drivers: wood_delivery_score (0.24), upstream_landslide (0.08), disturbance_to_stream_proximity (0.06)"
90,R01696,Priority 3,0.5048980760051474,0.48983107490643807,Moderate,0.6350347030280694,High,,0.5699534193305775,Medium,Watch list,,139.802093,33.096373,1,0.074,True,,"susceptibility 0.49; observed change 0.64 (strong) | drivers: wood_delivery_score (0.21), upstream_disturbance_pct (0.10), disturbance_to_stream_proximity (0.10) | small catchment: may be a dry gully"
91,R02019,Priority 3,0.5015433149956339,0.6577341525325856,High,0.4268804887361589,Moderate,,0.5725389393777719,Medium,Watch list,High Logjam Susceptibility,139.827348,33.085095,2,0.209,False,,"susceptibility 0.66 (high); observed change 0.43 | drivers: wood_delivery_score (0.22), slope_break (0.10), disturbance_to_stream_proximity (0.10)"
92,R00060,Priority 3,0.5008235011620195,0.49701276287491664,Moderate,0.6167471819645732,High,,0.5760057181295304,Medium,Watch list,,139.762581,33.158581,2,0.603,False,,"susceptibility 0.50; observed change 0.62 (strong) | drivers: wood_delivery_score (0.21), disturbance_to_stream_proximity (0.10), upstream_disturbance_pct (0.05)"
93,R01480,Priority 3,0.5005452712609755,0.48073908428777035,Moderate,0.637037037037037,High,,0.634550995725438,Medium,Watch list,,139.826085,33.105245,2,0.207,False,major,"susceptibility 0.48; observed change 0.64 (strong) | drivers: wood_delivery_score (0.21), disturbance_to_stream_proximity (0.09), upstream_disturbance_pct (0.06)"
94,R01905,Priority 3,0.49722151027478284,0.635640895397454,High,0.44261294261294265,Moderate,,0.5353937769940486,Medium,Watch list,High Logjam Susceptibility,139.84533,33.089619,2,1.28,False,,"susceptibility 0.64 (high); observed change 0.44 | drivers: wood_delivery_score (0.23), upstream_disturbance_pct (0.10), disturbance_to_stream_proximity (0.10)"
95,R01478,Priority 3,0.49083911763788796,0.6243041485064407,High,0.4420289855072464,Moderate,,0.48368841496239545,Low,Watch list,High Logjam Susceptibility,139.826109,33.103424,2,0.166,True,,"susceptibility 0.62 (high); observed change 0.44 | drivers: wood_delivery_score (0.21), slope_break (0.10), disturbance_to_stream_proximity (0.09) | small catchment: may be a dry gully"
96,R01152,Priority 3,0.4902907527570777,0.4264266805671728,Moderate,0.6855244634845401,High,,0.6801458530064505,Medium,Watch list,,139.831567,33.111861,1,0.063,True,,"susceptibility 0.43; observed change 0.69 (strong) | drivers: wood_delivery_score (0.19), disturbance_to_stream_proximity (0.10), upstream_disturbance_pct (0.08) | small catchment: may be a dry gully"
97,R01396,Priority 3,0.48742050334860526,0.41014495373471305,Moderate,0.7010068320747932,High,,0.617658482784515,Medium,Watch list,,139.822218,33.105927,1,0.124,True,,"susceptibility 0.41; observed change 0.70 (strong) | drivers: wood_delivery_score (0.19), disturbance_to_stream_proximity (0.10), upstream_disturbance_pct (0.03) | small catchment: may be a dry gully"
98,R01474,Priority 3,0.4864920321849623,0.44902239142818673,Moderate,0.6467236467236467,High,,0.653266821194163,Medium,Watch list,,139.845575,33.099903,1,0.22,False,,"susceptibility 0.45; observed change 0.65 (strong) | drivers: wood_delivery_score (0.21), disturbance_to_stream_proximity (0.10), upstream_disturbance_pct (0.08)"
99,R01744,Priority 3,0.48513806773156487,0.7888648605627189,Very High,0.2563131313131313,Moderate,,0.5039053116187905,Medium,Watch list,High Logjam Susceptibility,139.852711,33.094454,3,1.222,False,,"susceptibility 0.79 (high); observed change 0.26 | drivers: wood_delivery_score (0.25), slope_break (0.10), disturbance_to_stream_proximity (0.10)"
100,R01017,Priority 3,0.4849738116676734,0.6197157677150393,High,0.4348659003831417,Moderate,,0.515488512913386,Medium,Watch list,High Logjam Susceptibility,139.779784,33.1147,3,1.963,False,,"susceptibility 0.62 (high); observed change 0.43 | drivers: wood_delivery_score (0.20), disturbance_to_stream_proximity (0.10), slope_break (0.10)"
101,R01885,Priority 3,0.4834548330988639,0.6432496109961668,High,0.40529100529100537,Moderate,,0.6014444490652237,Medium,Watch list,High Logjam Susceptibility,139.855645,33.08722,3,1.585,False,,"susceptibility 0.64 (high); observed change 0.41 | drivers: wood_delivery_score (0.23), upstream_disturbance_pct (0.10), slope_break (0.06)"
102,R01449,Priority 3,0.48053264653891237,0.45858539036807566,Moderate,0.6206896551724138,High,,0.5744421332768831,Medium,Watch list,,139.823512,33.105297,1,0.129,True,,"susceptibility 0.46; observed change 0.62 (strong) | drivers: wood_delivery_score (0.17), slope_break (0.10), disturbance_to_stream_proximity (0.08) | small catchment: may be a dry gully"
103,R01608,Priority 3,0.4792135949771192,0.467588786962596,Moderate,0.606060606060606,High,,0.5694373675149984,Medium,Watch list,,139.798189,33.099793,1,0.164,True,,"susceptibility 0.47; observed change 0.61 (strong) | drivers: wood_delivery_score (0.20), disturbance_to_stream_proximity (0.10), upstream_disturbance_pct (0.07) | small catchment: may be a dry gully"
104,R01102,Priority 3,0.47321684933325636,0.638726661894591,High,0.38888888888888884,Moderate,,0.48108334124709173,Low,Watch list,High Logjam Susceptibility,139.842998,33.114852,1,0.202,False,,"susceptibility 0.64 (high); observed change 0.39 | drivers: wood_delivery_score (0.25), upstream_disturbance_pct (0.10), disturbance_to_stream_proximity (0.10)"
105,R01758,Priority 3,0.4718636127633564,0.615039475123091,High,0.41245791245791247,Moderate,,0.466186875731054,Low,Watch list,High Logjam Susceptibility,139.818465,33.098073,1,0.295,False,,"susceptibility 0.62 (high); observed change 0.41 | drivers: wood_delivery_score (0.23), disturbance_to_stream_proximity (0.10), slope_break (0.10)"
106,R01585,Priority 3,0.47090511656741363,0.5679791340783304,High,0.4644444444444445,Moderate,,0.5477000056505205,Medium,Watch list,High Logjam Susceptibility,139.808875,33.113032,2,1.498,False,,"susceptibility 0.57 (high); observed change 0.46 | drivers: wood_delivery_score (0.21), slope_break (0.10), upstream_disturbance_pct (0.08)"
107,R01282,Priority 3,0.47020266782039966,0.4823287295481816,Moderate,0.5670194003527337,High,,0.5929150550490961,Medium,Watch list,,139.844162,33.107737,2,0.444,False,,"susceptibility 0.48; observed change 0.57 (strong) | drivers: wood_delivery_score (0.18), upstream_disturbance_pct (0.10), disturbance_to_stream_proximity (0.10)"
108,R01379,Priority 3,0.4671573560009661,0.5562829638980838,High,0.47008547008547,Moderate,,0.5420833433514987,Medium,Watch list,High Logjam Susceptibility,139.844923,33.105199,1,0.133,True,,"susceptibility 0.56 (high); observed change 0.47 | drivers: wood_delivery_score (0.20), upstream_disturbance_pct (0.10), disturbance_to_stream_proximity (0.10) | small catchment: may be a dry gully"
109,R01919,Priority 3,0.4656100047854978,0.4603386925287829,Moderate,0.5846560846560847,High,,0.535849209925485,Medium,Watch list,,139.832305,33.087603,2,0.228,False,,"susceptibility 0.46; observed change 0.58 (strong) | drivers: wood_delivery_score (0.17), upstream_disturbance_pct (0.10), disturbance_to_stream_proximity (0.10)"
110,R01584,Priority 3,0.46485918800235065,0.47901118653267505,Moderate,0.5592258925592258,High,,0.5564218617375528,Medium,Watch list,,139.80895,33.112322,2,1.481,False,,"susceptibility 0.48; observed change 0.56 (strong) | drivers: wood_delivery_score (0.21), disturbance_to_stream_proximity (0.08), upstream_disturbance_pct (0.07)"
111,R02458,Priority 3,0.46033651622600885,0.6042603714761979,High,0.40016676010983165,Moderate,,0.5248207087625,Medium,Watch list,High Logjam Susceptibility,139.825876,33.066505,1,0.367,False,,"susceptibility 0.60 (high); observed change 0.40 | drivers: wood_delivery_score (0.21), upstream_disturbance_pct (0.10), disturbance_to_stream_proximity (0.10)"
112,R01920,Priority 3,0.4602337972994078,0.5855198701577117,High,0.42121212121212126,Moderate,,0.5010454584251751,Medium,Watch list,High Logjam Susceptibility,139.833384,33.087613,2,0.278,False,major,"susceptibility 0.59 (high); observed change 0.42 | drivers: wood_delivery_score (0.19), upstream_disturbance_pct (0.10), disturbance_to_stream_proximity (0.09)"
113,R01176,Priority 3,0.45800892807931204,0.5973212609217311,High,0.4030431705590941,Moderate,,0.49653397561385126,Low,Watch list,High Logjam Susceptibility,139.846033,33.111078,1,0.062,True,,"susceptibility 0.60 (high); observed change 0.40 | drivers: wood_delivery_score (0.21), upstream_disturbance_pct (0.10), disturbance_to_stream_proximity (0.10) | small catchment: may be a dry gully"
114,R01697,Priority 3,0.4563587036164827,0.5522577547657264,High,0.4513888888888889,Moderate,,0.5070120649797875,Medium,Watch list,High Logjam Susceptibility,139.802082,33.09717,1,0.086,True,,"susceptibility 0.55 (high); observed change 0.45 | drivers: wood_delivery_score (0.21), upstream_disturbance_pct (0.10), disturbance_to_stream_proximity (0.10) | small catchment: may be a dry gully"
115,R01741,Priority 3,0.4563220766517127,0.5622893112526576,High,0.43959007551240553,Moderate,,0.5329692592397092,Medium,Watch list,High Logjam Susceptibility,139.850097,33.094056,3,0.937,False,minor,"susceptibility 0.56 (high); observed change 0.44 | drivers: wood_delivery_score (0.24), disturbance_to_stream_proximity (0.10), upstream_disturbance_pct (0.08)"
116,R02106,Priority 3,0.4537081660251995,0.6718695922442917,High,0.3125,Moderate,,0.49864584310601157,Low,Watch list,High Logjam Susceptibility,139.832337,33.077051,1,0.32,False,,"susceptibility 0.67 (high); observed change 0.31 | drivers: wood_delivery_score (0.22), slope_break (0.10), disturbance_to_stream_proximity (0.09)"
117,R02476,Priority 3,0.452010250160584,0.6104022359121705,High,0.3756335282651072,Moderate,,0.4855409410055618,Low,Watch list,High Logjam Susceptibility,139.830186,33.062148,1,0.108,True,,"susceptibility 0.61 (high); observed change 0.38 | drivers: wood_delivery_score (0.21), upstream_disturbance_pct (0.10), slope_break (0.10) | small catchment: may be a dry gully"
118,R02022,Priority 3,0.4511943796218247,0.5893838689234245,High,0.39747995418098503,Moderate,,0.4942439932716671,Low,Watch list,High Logjam Susceptibility,139.829353,33.083444,2,0.264,False,,"susceptibility 0.59 (high); observed change 0.40 | drivers: wood_delivery_score (0.23), upstream_disturbance_pct (0.10), disturbance_to_stream_proximity (0.10)"
119,R01457,Priority 3,0.449740400888079,0.42496536882959135,Moderate,0.5942760942760943,High,,0.629233169924932,Medium,Watch list,,139.823743,33.112122,1,0.253,False,,"susceptibility 0.42; observed change 0.59 (strong) | drivers: wood_delivery_score (0.22), upstream_disturbance_pct (0.09), disturbance_to_stream_proximity (0.08)"
120,R01739,Priority 3,0.4487763059567953,0.7006844103171032,High,0.27230825958702065,Moderate,,0.5337527707509235,Medium,Watch list,High Logjam Susceptibility,139.847957,33.094354,3,0.904,False,,"susceptibility 0.70 (high); observed change 0.27 | drivers: wood_delivery_score (0.24), slope_break (0.10), upstream_disturbance_pct (0.08)"
121,R01100,Priority 3,0.44779452085123916,0.45298975301962696,Moderate,0.5536774096611825,High,,0.5554808337298569,Medium,Watch list,,139.843022,33.113048,1,0.059,True,,"susceptibility 0.45; observed change 0.55 (strong) | drivers: wood_delivery_score (0.20), upstream_disturbance_pct (0.10), disturbance_to_stream_proximity (0.10) | small catchment: may be a dry gully"
122,R02021,Priority 3,0.446998333625366,0.6400589407666945,High,0.33256880733944955,Moderate,,0.49090597068497904,Low,Watch list,High Logjam Susceptibility,139.82864,33.084032,2,0.242,False,,"susceptibility 0.64 (high); observed change 0.33 | drivers: wood_delivery_score (0.23), upstream_disturbance_pct (0.10), disturbance_to_stream_proximity (0.09)"
123,R01071,Priority 3,0.4462216861025258,0.5393804484376767,High,0.4444444444444445,Moderate,,0.5141269936164221,Medium,Watch list,High Logjam Susceptibility,139.839933,33.114859,1,0.075,True,,"susceptibility 0.54 (high); observed change 0.44 | drivers: wood_delivery_score (0.22), upstream_disturbance_pct (0.10), disturbance_to_stream_proximity (0.10) | small catchment: may be a dry gully"
124,R01432,Priority 3,0.44251074161277465,0.6509504793680807,High,0.3115079365079365,Moderate,,0.5883928612938949,Medium,Watch list,High Logjam Susceptibility,139.801907,33.106566,3,1.583,False,,"susceptibility 0.65 (high); observed change 0.31 | drivers: wood_delivery_score (0.24), slope_break (0.10), upstream_landslide (0.08)"
125,R01033,Priority 3,0.4425106268974545,0.4131531462684702,Moderate,0.5930964978584027,High,,0.5602488746383679,Medium,Watch list,,139.832673,33.114697,1,0.065,True,,"susceptibility 0.41; observed change 0.59 (strong) | drivers: wood_delivery_score (0.18), disturbance_to_stream_proximity (0.10), upstream_disturbance_pct (0.07) | small catchment: may be a dry gully"
126,R01610,Priority 3,0.4410411031821101,0.6913424130291899,High,0.2661179698216735,Moderate,,0.4769958900277016,Low,Watch list,High Logjam Susceptibility,139.8026,33.098506,2,0.652,False,,"susceptibility 0.69 (high); observed change 0.27 | drivers: wood_delivery_score (0.22), upstream_disturbance_pct (0.10), slope_break (0.10)"
127,R01380,Priority 3,0.43993378587165916,0.4757520486458027,Moderate,0.5073461891643709,High,,0.5804437200169704,Medium,Watch list,,139.845805,33.104958,1,0.145,True,,"susceptibility 0.48; observed change 0.51 (strong) | drivers: wood_delivery_score (0.17), upstream_disturbance_pct (0.10), disturbance_to_stream_proximity (0.10) | small catchment: may be a dry gully"
128,R01916,Priority 3,0.43986361041054267,0.5678765569983094,High,0.3976034858387799,Moderate,,0.4976634023158379,Low,Watch list,High Logjam Susceptibility,139.82912,33.087494,1,0.079,True,,"susceptibility 0.57 (high); observed change 0.40 | drivers: wood_delivery_score (0.21), disturbance_to_stream_proximity (0.10), slope_break (0.09) | small catchment: may be a dry gully"
129,R01417,Priority 3,0.4398083427064837,0.6658958376705584,High,0.2900688298918387,Moderate,,0.501755172970724,Medium,Watch list,High Logjam Susceptibility,139.79781,33.105923,1,0.167,True,,"susceptibility 0.67 (high); observed change 0.29 | drivers: wood_delivery_score (0.22), upstream_disturbance_pct (0.10), slope_break (0.10) | small catchment: may be a dry gully"
130,R01576,Priority 3,0.4397331688056191,0.401417242204007,Moderate,0.6021505376344086,High,,0.6016855218747674,Medium,Watch list,,139.810965,33.105945,2,1.337,False,,"susceptibility 0.40; observed change 0.60 (strong) | drivers: wood_delivery_score (0.19), upstream_disturbance_pct (0.10), upstream_area (0.05)"
131,R01305,Priority 3,0.43928921521432013,0.6453517032030571,High,0.31077054065559817,Moderate,,0.5417919946797811,Medium,Watch list,High Logjam Susceptibility,139.827992,33.110254,1,0.502,False,,"susceptibility 0.65 (high); observed change 0.31 | drivers: wood_delivery_score (0.24), slope_break (0.10), upstream_disturbance_pct (0.09)"
132,R01725,Priority 3,0.43889239131818625,0.4749883557392582,Moderate,0.5059523809523808,High,,0.5885714344254562,Medium,Watch list,,139.844926,33.093944,2,0.348,False,,"susceptibility 0.47; observed change 0.51 (strong) | drivers: wood_delivery_score (0.21), disturbance_to_stream_proximity (0.10), upstream_disturbance_pct (0.06)"
133,R01286,Priority 3,0.4381198176869748,0.6058379339177751,High,0.3512396694214876,Moderate,,0.4961501461833962,Low,Watch list,High Logjam Susceptibility,139.848181,33.108045,2,0.536,False,,"susceptibility 0.61 (high); observed change 0.35 | drivers: wood_delivery_score (0.24), upstream_disturbance_pct (0.10), disturbance_to_stream_proximity (0.10)"
134,R01634,Priority 3,0.43676336742711136,0.5882327377887173,High,0.36792452830188677,Moderate,,0.524952833135173,Medium,Watch list,High Logjam Susceptibility,139.842422,33.097573,2,0.364,False,,"susceptibility 0.59 (high); observed change 0.37 | drivers: wood_delivery_score (0.21), slope_break (0.10), disturbance_to_stream_proximity (0.08)"
135,R02095,Priority 3,0.4360336250171106,0.45566871893219735,Moderate,0.5236115004828209,High,,0.6279815062685123,Medium,Watch list,,139.855938,33.082411,3,1.622,False,,"susceptibility 0.46; observed change 0.52 (strong) | drivers: wood_delivery_score (0.21), disturbance_to_stream_proximity (0.08), upstream_disturbance_pct (0.06)"
136,R01284,Priority 3,0.4358185230276201,0.5751864949681202,High,0.38058151609553476,Moderate,,0.5208489127731026,Medium,Watch list,High Logjam Susceptibility,139.846107,33.107755,2,0.5,False,,"susceptibility 0.58 (high); observed change 0.38 | drivers: wood_delivery_score (0.22), upstream_disturbance_pct (0.10), disturbance_to_stream_proximity (0.10)"
137,R02202,Priority 3,0.4335667041877323,0.5802901579536349,High,0.3699885452462772,Moderate,,0.5377491468539354,Medium,Watch list,High Logjam Susceptibility,139.855801,33.08036,1,0.121,True,,"susceptibility 0.58 (high); observed change 0.37 | drivers: wood_delivery_score (0.20), slope_break (0.10), disturbance_to_stream_proximity (0.07) | small catchment: may be a dry gully"
138,R01378,Priority 3,0.4322245776118747,0.5091718088601608,High,0.4494949494949495,Moderate,,0.5428030410318664,Medium,Watch list,High Logjam Susceptibility,139.843894,33.105029,1,0.104,True,,"susceptibility 0.51 (high); observed change 0.45 | drivers: wood_delivery_score (0.20), upstream_disturbance_pct (0.10), disturbance_to_stream_proximity (0.10) | small catchment: may be a dry gully"
139,R01399,Priority 3,0.4307163437551055,0.4322386552906674,Moderate,0.5412078745412078,High,,0.584538098870354,Medium,Watch list,,139.821898,33.108579,1,0.17,True,,"susceptibility 0.43; observed change 0.54 (strong) | drivers: wood_delivery_score (0.20), disturbance_to_stream_proximity (0.06), slope_break (0.05) | small catchment: may be a dry gully"
140,R02337,Priority 3,0.42991700011044653,0.5981297696685959,High,0.34231200897867564,Moderate,,0.5176936052102432,Medium,Watch list,High Logjam Susceptibility,139.83556,33.073337,1,0.083,True,,"susceptibility 0.60 (high); observed change 0.34 | drivers: wood_delivery_score (0.20), upstream_disturbance_pct (0.10), disturbance_to_stream_proximity (0.10) | small catchment: may be a dry gully"
141,R00541,Priority 3,0.42913039810438386,0.44465739706258267,Moderate,0.5218002812939521,High,,0.5736608980045089,Medium,Watch list,,139.788762,33.130783,2,0.225,False,minor,"susceptibility 0.44; observed change 0.52 (strong) | drivers: wood_delivery_score (0.12), upstream_disturbance_pct (0.10), disturbance_to_stream_proximity (0.07)"
142,R01018,Priority 3,0.42789906069484374,0.5706269432746294,High,0.3686868686868687,Moderate,,0.5009469758470854,Medium,Watch list,High Logjam Susceptibility,139.779023,33.114151,3,1.978,False,minor,"susceptibility 0.57 (high); observed change 0.37 | drivers: wood_delivery_score (0.20), disturbance_to_stream_proximity (0.09), slope_break (0.08)"
143,R01601,Priority 3,0.4258679994976412,0.6275528673190373,High,0.30171612832704814,Moderate,,0.5176676597818427,Medium,Watch list,High Logjam Susceptibility,139.853761,33.097604,2,0.776,False,,"susceptibility 0.63 (high); observed change 0.30 | drivers: wood_delivery_score (0.25), upstream_disturbance_pct (0.10), disturbance_to_stream_proximity (0.10)"
144,R02023,Priority 3,0.4249852439334905,0.6625981894594963,High,0.26282051282051283,Moderate,,0.47783654397496816,Low,Watch list,High Logjam Susceptibility,139.83025,33.083268,2,0.274,False,,"susceptibility 0.66 (high); observed change 0.26 | drivers: wood_delivery_score (0.23), upstream_disturbance_pct (0.10), disturbance_to_stream_proximity (0.10)"
145,R01592,Priority 3,0.4239826765029956,0.6425833423099914,High,0.28174603174603174,Moderate,,0.5062202438641162,Medium,Watch list,High Logjam Susceptibility,139.848111,33.098777,2,0.32,False,,"susceptibility 0.64 (high); observed change 0.28 | drivers: wood_delivery_score (0.22), upstream_disturbance_pct (0.10), disturbance_to_stream_proximity (0.10)"
146,R01534,Priority 3,0.4238847407863287,0.37148510614608266,Moderate,0.6050394656952034,High,,0.555795833604628,Medium,Watch list,,139.826129,33.101954,1,0.058,True,,"susceptibility 0.37; observed change 0.61 (strong) | drivers: wood_delivery_score (0.18), disturbance_to_stream_proximity (0.09), upstream_disturbance_pct (0.07) | small catchment: may be a dry gully"
147,R01072,Priority 3,0.4227065081544693,0.5430228575558367,High,0.38888888888888884,Moderate,,0.49303872963996853,Low,Watch list,High Logjam Susceptibility,139.840417,33.115576,1,0.077,True,,"susceptibility 0.54 (high); observed change 0.39 | drivers: wood_delivery_score (0.23), upstream_disturbance_pct (0.10), disturbance_to_stream_proximity (0.10) | small catchment: may be a dry gully"
148,R02294,Priority 3,0.4224721944911495,0.5946319681860207,High,0.33030303030303027,Moderate,,0.4931363715908744,Low,Watch list,High Logjam Susceptibility,139.827131,33.074877,2,0.324,False,major,"susceptibility 0.59 (high); observed change 0.33 | drivers: wood_delivery_score (0.19), slope_break (0.10), disturbance_to_stream_proximity (0.06)"
149,R01767,Priority 3,0.4212789352325466,0.526318154746138,High,0.4051186017478153,Moderate,,0.5390355861633459,Medium,Watch list,High Logjam Susceptibility,139.841244,33.092387,2,0.591,False,,"susceptibility 0.53 (high); observed change 0.41 | drivers: wood_delivery_score (0.19), upstream_disturbance_pct (0.10), disturbance_to_stream_proximity (0.10)"
150,R01462,Priority 3,0.42073284731589505,0.5142916192496406,High,0.41801510248112184,Moderate,,0.4881472543875377,Low,Watch list,High Logjam Susceptibility,139.822784,33.116413,1,0.374,False,,"susceptibility 0.51 (high); observed change 0.42 | drivers: wood_delivery_score (0.22), disturbance_to_stream_proximity (0.10), upstream_disturbance_pct (0.10)"
151,R01416,Priority 3,0.4206979758644216,0.5884476952214612,High,0.3333333333333333,Moderate,,0.5050000107288362,Medium,Watch list,High Logjam Susceptibility,139.798436,33.105252,1,0.15,True,,"susceptibility 0.59 (high); observed change 0.33 | drivers: wood_delivery_score (0.21), upstream_disturbance_pct (0.10), disturbance_to_stream_proximity (0.07) | small catchment: may be a dry gully"
152,R01090,Priority 3,0.41890871964517146,0.6134702580777309,High,0.30219780219780223,Moderate,,0.48515568674265686,Low,Watch list,High Logjam Susceptibility,139.842578,33.114946,1,0.202,False,,"susceptibility 0.61 (high); observed change 0.30 | drivers: wood_delivery_score (0.24), upstream_disturbance_pct (0.10), disturbance_to_stream_proximity (0.10)"
153,R01386,Priority 3,0.41855822089013395,0.6112832604783045,High,0.3038194444444444,Moderate,,0.5031355368141218,Medium,Watch list,High Logjam Susceptibility,139.848754,33.100389,1,0.291,False,,"susceptibility 0.61 (high); observed change 0.30 | drivers: wood_delivery_score (0.22), upstream_disturbance_pct (0.10), disturbance_to_stream_proximity (0.10)"
154,R01769,Priority 3,0.4168721252071165,0.5811675931069784,High,0.33319506664454396,Moderate,,0.555163283319414,Medium,Watch list,High Logjam Susceptibility,139.842973,33.092302,2,0.622,False,,"susceptibility 0.58 (high); observed change 0.33 | drivers: wood_delivery_score (0.20), upstream_disturbance_pct (0.10), disturbance_to_stream_proximity (0.09)"
155,R01591,Priority 3,0.41654757445955937,0.5532986886843567,High,0.3637460598896769,Moderate,,0.5564861726507534,Medium,Watch list,High Logjam Susceptibility,139.847407,33.099357,2,0.306,False,,"susceptibility 0.55 (high); observed change 0.36 | drivers: wood_delivery_score (0.22), upstream_disturbance_pct (0.10), disturbance_to_stream_proximity (0.07)"
156,R01165,Priority 3,0.41611568959606876,0.3733098680944505,Moderate,0.5842911877394635,High,,0.615536440020495,Medium,Watch list,,139.819536,33.114153,1,0.129,True,,"susceptibility 0.37; observed change 0.58 (strong) | drivers: wood_delivery_score (0.18), disturbance_to_stream_proximity (0.08), upstream_disturbance_pct (0.04) | small catchment: may be a dry gully"
157,R01903,Priority 3,0.4144719614591891,0.627526956732462,High,0.2777777777777778,Moderate,,0.5150555577543048,Medium,Watch list,High Logjam Susceptibility,139.843421,33.088858,2,0.563,False,,"susceptibility 0.63 (high); observed change 0.28 | drivers: wood_delivery_score (0.21), disturbance_to_stream_proximity (0.10), upstream_disturbance_pct (0.08)"
158,R01557,Priority 3,0.41366328518917805,0.5534633294415405,High,0.35729847494553374,Moderate,,0.5310130790869395,Medium,Watch list,High Logjam Susceptibility,139.846727,33.100184,1,0.292,False,major,"susceptibility 0.55 (high); observed change 0.36 | drivers: wood_delivery_score (0.21), upstream_disturbance_pct (0.09), disturbance_to_stream_proximity (0.08)"
159,R00194,Priority 3,0.4131124398183088,0.501148324659329,High,0.41666666666666663,Moderate,,0.5172115461413677,Medium,Watch list,High Logjam Susceptibility,139.77091,33.14823,1,0.097,True,,"susceptibility 0.50 (high); observed change 0.42 | drivers: wood_delivery_score (0.20), disturbance_to_stream_proximity (0.10), slope_break (0.10) | small catchment: may be a dry gully"
160,R01565,Priority 3,0.41295577353256735,0.6214007817807521,High,0.2811111111111111,Moderate,,0.45598333724339807,Low,Watch list,High Logjam Susceptibility,139.818035,33.099645,2,0.973,False,,"susceptibility 0.62 (high); observed change 0.28 | drivers: wood_delivery_score (0.23), upstream_disturbance_pct (0.08), disturbance_to_stream_proximity (0.07)"
161,R02039,Priority 3,0.4117462590353912,0.394993308843789,Moderate,0.5454545454545455,High,,0.6290858635276255,Medium,Watch list,,139.817791,33.076356,2,0.932,False,,"susceptibility 0.39; observed change 0.55 (strong) | drivers: wood_delivery_score (0.20), disturbance_to_stream_proximity (0.05), upstream_area (0.04)"
162,R01918,Priority 3,0.40923848725051176,0.5741267222032738,High,0.3245981830887491,Moderate,,0.5528413708044384,Medium,Watch list,High Logjam Susceptibility,139.831356,33.087865,2,0.209,False,,"susceptibility 0.57 (high); observed change 0.32 | drivers: wood_delivery_score (0.22), slope_break (0.10), upstream_disturbance_pct (0.09)"
163,R01088,Priority 3,0.40904478552526397,0.5612041413061386,High,0.3385744234800838,Moderate,,0.5104874263169631,Medium,Watch list,High Logjam Susceptibility,139.841603,33.113287,1,0.068,True,,"susceptibility 0.56 (high); observed change 0.34 | drivers: wood_delivery_score (0.22), upstream_disturbance_pct (0.10), disturbance_to_stream_proximity (0.10) | small catchment: may be a dry gully"
164,R01059,Priority 3,0.4089636954389259,0.5744116748425481,High,0.32369146005509636,Moderate,,0.483946286873384,Low,Watch list,High Logjam Susceptibility,139.774246,33.110828,3,2.256,False,major,"susceptibility 0.57 (high); observed change 0.32 | drivers: wood_delivery_score (0.20), disturbance_to_stream_proximity (0.10), upstream_area (0.06)"
165,R01276,Priority 3,0.4084662521788476,0.6417800115730936,High,0.25015939256940817,Moderate,,0.49326900611543967,Low,Watch list,High Logjam Susceptibility,139.814963,33.119464,1,6.648,False,major,"susceptibility 0.64 (high); observed change 0.25 | drivers: wood_delivery_score (0.23), disturbance_to_stream_proximity (0.10), upstream_landslide (0.08)"
166,R00279,Priority 3,0.4069714851499863,0.41118203526985037,Moderate,0.5134680134680135,High,,0.5322818645243744,Medium,Watch list,,139.777216,33.140109,1,0.076,True,,"susceptibility 0.41; observed change 0.51 (strong) | drivers: wood_delivery_score (0.19), disturbance_to_stream_proximity (0.10), upstream_disturbance_pct (0.08) | small catchment: may be a dry gully"
167,R01768,Priority 3,0.40545225843258587,0.5772496791042714,High,0.3130087505087505,Moderate,,0.5143685148359801,Medium,Watch list,High Logjam Susceptibility,139.842155,33.09242,2,0.607,False,,"susceptibility 0.58 (high); observed change 0.31 | drivers: wood_delivery_score (0.20), upstream_disturbance_pct (0.10), disturbance_to_stream_proximity (0.08)"
168,R01540,Priority 3,0.4052621070159269,0.538179250905254,High,0.35635635635635626,Moderate,,0.534978987860608,Medium,Watch list,High Logjam Susceptibility,139.79287,33.101694,1,0.086,True,,"susceptibility 0.54 (high); observed change 0.36 | drivers: wood_delivery_score (0.21), upstream_disturbance_pct (0.10), slope_break (0.09) | small catchment: may be a dry gully"
169,R02009,Priority 3,0.40447586211202907,0.6077544525292883,High,0.2777777777777778,Moderate,,0.48083333929379785,Low,Watch list,High Logjam Susceptibility,139.826541,33.085384,1,0.199,True,,"susceptibility 0.61 (high); observed change 0.28 | drivers: wood_delivery_score (0.21), upstream_disturbance_pct (0.10), disturbance_to_stream_proximity (0.10) | small catchment: may be a dry gully"
170,R02431,Priority 3,0.4043564399863802,0.5950239329311356,High,0.2912457912457912,Moderate,,0.49411617014143205,Low,Watch list,High Logjam Susceptibility,139.82521,33.067243,2,1.01,False,major,"susceptibility 0.60 (high); observed change 0.29 | drivers: wood_delivery_score (0.21), disturbance_to_stream_proximity (0.09), upstream_disturbance_pct (0.05)"
171,R01451,Priority 3,0.4030744378743196,0.5045196184995799,High,0.3904171161452714,Moderate,,0.5339554982451732,Medium,Watch list,High Logjam Susceptibility,139.82342,33.106942,1,0.165,True,,"susceptibility 0.50 (high); observed change 0.39 | drivers: wood_delivery_score (0.20), disturbance_to_stream_proximity (0.10), slope_break (0.06) | small catchment: may be a dry gully"
172,R00291,Priority 3,0.40290541307968675,0.5875233565928395,High,0.2962962962962963,Moderate,,0.5184722249044313,Medium,Watch list,High Logjam Susceptibility,139.787932,33.144819,2,0.471,False,,"susceptibility 0.59 (high); observed change 0.30 | drivers: wood_delivery_score (0.21), disturbance_to_stream_proximity (0.10), slope_break (0.10)"
173,R01740,Priority 3,0.40162748356282185,0.5622218187660263,High,0.32139577594123053,Moderate,,0.5265013815581635,Medium,Watch list,High Logjam Susceptibility,139.848982,33.094045,3,0.924,False,,"susceptibility 0.56 (high); observed change 0.32 | drivers: wood_delivery_score (0.24), disturbance_to_stream_proximity (0.10), upstream_disturbance_pct (0.08)"
174,R01923,Priority 3,0.3997076449041617,0.5983228140961441,High,0.2777777777777778,Moderate,,0.49600283443591014,Low,Watch list,High Logjam Susceptibility,139.835786,33.086283,2,0.364,False,,"susceptibility 0.60 (high); observed change 0.28 | drivers: wood_delivery_score (0.21), upstream_disturbance_pct (0.10), disturbance_to_stream_proximity (0.09)"
175,R01381,Priority 3,0.3992950931048229,0.5145560080445384,High,0.3703703703703704,Moderate,,0.5103459690134935,Medium,Watch list,High Logjam Susceptibility,139.846033,33.104102,1,0.167,True,,"susceptibility 0.51 (high); observed change 0.37 | drivers: wood_delivery_score (0.19), upstream_disturbance_pct (0.10), disturbance_to_stream_proximity (0.10) | small catchment: may be a dry gully"
176,R01924,Priority 3,0.39915107031055724,0.5495432075487947,High,0.330188679245283,Moderate,,0.4973113297066599,Low,Watch list,High Logjam Susceptibility,139.836735,33.086021,2,0.382,False,,"susceptibility 0.55 (high); observed change 0.33 | drivers: wood_delivery_score (0.21), upstream_disturbance_pct (0.10), disturbance_to_stream_proximity (0.10)"
177,R01602,Priority 3,0.39810095072426877,0.5826328504242785,High,0.29133639271311357,Moderate,,0.5030204500568176,Medium,Watch list,High Logjam Susceptibility,139.854585,33.097193,2,0.789,False,,"susceptibility 0.58 (high); observed change 0.29 | drivers: wood_delivery_score (0.25), upstream_disturbance_pct (0.10), upstream_landslide (0.08)"
178,R01458,Priority 3,0.394666013069671,0.3824221432231539,Moderate,0.521885521885522,High,,0.5957970079198048,Medium,Watch list,,139.82373,33.113044,1,0.274,False,,"susceptibility 0.38; observed change 0.52 (strong) | drivers: wood_delivery_score (0.22), upstream_disturbance_pct (0.09), disturbance_to_stream_proximity (0.03)"
179,R01646,Priority 3,0.39422648692476064,0.5424654744716704,High,0.3274139241881177,Moderate,,0.5145560547353081,Medium,Watch list,High Logjam Susceptibility,139.786962,33.097992,1,0.13,True,,"susceptibility 0.54 (high); observed change 0.33 | drivers: wood_delivery_score (0.19), disturbance_to_stream_proximity (0.10), slope_break (0.10) | small catchment: may be a dry gully"
180,R00227,Priority 3,0.3925255522587292,0.5703336811464825,High,0.2927927927927928,Moderate,,0.48979730399879257,Low,Watch list,High Logjam Susceptibility,139.785263,33.146628,2,0.31,False,,"susceptibility 0.57 (high); observed change 0.29 | drivers: wood_delivery_score (0.20), slope_break (0.10), disturbance_to_stream_proximity (0.09)"
181,R00122,Priority 3,0.39181276858881114,0.5695973906055292,High,0.2920634920634921,Moderate,,0.48361905398822974,Low,Watch list,High Logjam Susceptibility,139.748003,33.153012,1,0.33,False,major,"susceptibility 0.57 (high); observed change 0.29 | drivers: wood_delivery_score (0.21), upstream_disturbance_pct (0.10), disturbance_to_stream_proximity (0.08)"
182,R01167,Priority 3,0.38761944389182756,0.5373696631246728,High,0.31871345029239767,Moderate,,0.4921929903929694,Low,Watch list,High Logjam Susceptibility,139.819833,33.115959,1,0.438,False,major,"susceptibility 0.54 (high); observed change 0.32 | drivers: wood_delivery_score (0.20), disturbance_to_stream_proximity (0.10), upstream_disturbance_pct (0.05)"
183,R00419,Priority 3,0.38705423547951634,0.5621257513705659,High,0.28998778998778996,Moderate,,0.5002106321556665,Medium,Watch list,High Logjam Susceptibility,139.780628,33.134697,2,0.166,True,,"susceptibility 0.56 (high); observed change 0.29 | drivers: wood_delivery_score (0.20), disturbance_to_stream_proximity (0.10), slope_break (0.10) | small catchment: may be a dry gully"
184,R02492,Priority 3,0.3863522224738432,0.5575362218269942,High,0.2935185185185185,Moderate,,0.5165138913525475,Medium,Watch list,High Logjam Susceptibility,139.826362,33.055936,1,0.104,True,,"susceptibility 0.56 (high); observed change 0.29 | drivers: wood_delivery_score (0.19), slope_break (0.10), disturbance_to_stream_proximity (0.08) | small catchment: may be a dry gully"
185,R01281,Priority 3,0.38412960137060553,0.5566070242201502,High,0.2897252090800478,Moderate,,0.5151576057122323,Medium,Watch list,High Logjam Susceptibility,139.843193,33.107457,2,0.423,False,major,"susceptibility 0.56 (high); observed change 0.29 | drivers: wood_delivery_score (0.16), disturbance_to_stream_proximity (0.10), upstream_disturbance_pct (0.09)"
186,R00249,Priority 3,0.3831460416687303,0.5655635989051808,High,0.2777777777777778,Moderate,,0.4871190550781432,Low,Watch list,High Logjam Susceptibility,139.781451,33.143345,1,0.248,False,,"susceptibility 0.57 (high); observed change 0.28 | drivers: wood_delivery_score (0.21), slope_break (0.10), upstream_disturbance_pct (0.09)"
187,R01083,Priority 3,0.3831045374151258,0.54835832637246,High,0.2966101694915254,Moderate,,0.49507063052916933,Low,Watch list,High Logjam Susceptibility,139.83077,33.11562,2,0.341,False,,"susceptibility 0.55 (high); observed change 0.30 | drivers: wood_delivery_score (0.23), disturbance_to_stream_proximity (0.10), upstream_disturbance_pct (0.10)"
188,R00677,Priority 3,0.38210589195596595,0.573305873888676,High,0.2671156004489338,Moderate,,0.4882154958858233,Low,Watch list,High Logjam Susceptibility,139.780899,33.12625,2,0.202,False,minor,"susceptibility 0.57 (high); observed change 0.27 | drivers: wood_delivery_score (0.19), disturbance_to_stream_proximity (0.09), slope_break (0.09)"
189,R00345,Priority 3,0.3817385631078414,0.5787739016255762,High,0.2604166666666667,Moderate,,0.4898437584191561,Low,Watch list,High Logjam Susceptibility,139.781481,33.139812,1,0.304,False,,"susceptibility 0.58 (high); observed change 0.26 | drivers: wood_delivery_score (0.22), slope_break (0.10), upstream_disturbance_pct (0.10)"
190,R01904,Priority 3,0.37833381478399297,0.521018594965591,High,0.31676413255360625,Moderate,,0.5259502964967873,Medium,Watch list,High Logjam Susceptibility,139.844325,33.089339,2,0.587,False,,"susceptibility 0.52 (high); observed change 0.32 | drivers: wood_delivery_score (0.21), disturbance_to_stream_proximity (0.10), upstream_disturbance_pct (0.09)"
191,R02008,Priority 3,0.3760461047441347,0.5515197676257609,High,0.2777777777777778,Moderate,,0.4727813893221158,Low,Watch list,High Logjam Susceptibility,139.825639,33.085376,1,0.075,True,,"susceptibility 0.55 (high); observed change 0.28 | drivers: wood_delivery_score (0.21), upstream_disturbance_pct (0.10), disturbance_to_stream_proximity (0.10) | small catchment: may be a dry gully"
192,R01472,Priority 3,0.37580189931295377,0.5343019113781637,High,0.29629629629629634,Moderate,,0.5136636651994231,Medium,Watch list,High Logjam Susceptibility,139.84382,33.100704,1,0.174,True,,"susceptibility 0.53 (high); observed change 0.30 | drivers: wood_delivery_score (0.20), slope_break (0.09), disturbance_to_stream_proximity (0.08) | small catchment: may be a dry gully"
193,R00344,Priority 3,0.37578339264589616,0.5468466290649124,High,0.2823488689349052,Moderate,,0.4938864545347812,Low,Watch list,High Logjam Susceptibility,139.780686,33.139127,1,0.164,True,,"susceptibility 0.55 (high); observed change 0.28 | drivers: wood_delivery_score (0.21), disturbance_to_stream_proximity (0.10), slope_break (0.10) | small catchment: may be a dry gully"
194,R02050,Priority 3,0.3753077501090404,0.5106046476071561,High,0.3218954248366013,Moderate,,0.5341421628232097,Medium,Watch list,High Logjam Susceptibility,139.847774,33.084066,1,0.561,False,,"susceptibility 0.51 (high); observed change 0.32 | drivers: wood_delivery_score (0.19), disturbance_to_stream_proximity (0.10), upstream_disturbance_pct (0.08)"
195,R00706,Priority 3,0.37445079866887027,0.548364217147216,High,0.2777777777777778,Moderate,,0.49228788747931973,Low,Watch list,High Logjam Susceptibility,139.771767,33.124395,1,0.09,True,,"susceptibility 0.55 (high); observed change 0.28 | drivers: wood_delivery_score (0.19), disturbance_to_stream_proximity (0.10), slope_break (0.10) | small catchment: may be a dry gully"
196,R01843,Priority 3,0.3736775013177518,0.5468346179911573,High,0.2777777777777778,Moderate,,0.5130072492965754,Medium,Watch list,High Logjam Susceptibility,139.842505,33.089051,1,0.547,False,,"susceptibility 0.55 (high); observed change 0.28 | drivers: wood_delivery_score (0.20), disturbance_to_stream_proximity (0.10), upstream_disturbance_pct (0.08)"
197,R01579,Priority 3,0.37356133406655245,0.5265908511108871,High,0.3,Moderate,,0.5927381047748383,Medium,Watch list,High Logjam Susceptibility,139.809648,33.108219,2,1.399,False,,"susceptibility 0.53 (high); observed change 0.30 | drivers: wood_delivery_score (0.20), slope_break (0.10), upstream_disturbance_pct (0.07)"
198,R01988,Priority 3,0.37227818576935756,0.5054116369109719,High,0.3211009174311927,Moderate,,0.5223394527019711,Medium,Watch list,High Logjam Susceptibility,139.856028,33.085659,1,0.288,False,minor,"susceptibility 0.51 (high); observed change 0.32 | drivers: wood_delivery_score (0.21), disturbance_to_stream_proximity (0.08), upstream_disturbance_pct (0.07)"
199,R01745,Priority 3,0.3701755370896192,0.5490509247655567,High,0.2677248677248677,Moderate,,0.49728572181766,Low,Watch list,High Logjam Susceptibility,139.853491,33.094023,3,1.245,False,,"susceptibility 0.55 (high); observed change 0.27 | drivers: wood_delivery_score (0.25), upstream_disturbance_pct (0.10), disturbance_to_stream_proximity (0.07)"
200,R02407,Priority 3,0.36995087647598895,0.5275451916081408,High,0.29100529100529093,Moderate,,0.4987301631863155,Low,Watch list,High Logjam Susceptibility,139.827358,33.06737,1,0.227,False,,"susceptibility 0.53 (high); observed change 0.29 | drivers: wood_delivery_score (0.19), disturbance_to_stream_proximity (0.10), upstream_disturbance_pct (0.05)"
201,R00209,Priority 3,0.36941199652544493,0.5572658729984395,High,0.2571059431524548,Moderate,,0.5185852748663851,Medium,Watch list,High Logjam Susceptibility,139.785224,33.147493,1,0.475,False,,"susceptibility 0.56 (high); observed change 0.26 | drivers: wood_delivery_score (0.20), slope_break (0.10), disturbance_to_stream_proximity (0.08)"
202,R00343,Priority 3,0.36894597284353725,0.5088343709965586,High,0.30982905982905984,Moderate,,0.5042948787640303,Medium,Watch list,High Logjam Susceptibility,139.779794,33.138633,1,0.104,True,,"susceptibility 0.51 (high); observed change 0.31 | drivers: wood_delivery_score (0.21), disturbance_to_stream_proximity (0.10), upstream_disturbance_pct (0.08) | small catchment: may be a dry gully"
203,R01461,Priority 3,0.36684109353753136,0.5176056933702415,High,0.29528619528619526,Moderate,,0.5243585919490968,Medium,Watch list,High Logjam Susceptibility,139.823342,33.115686,1,0.325,False,,"susceptibility 0.52 (high); observed change 0.30 | drivers: wood_delivery_score (0.22), upstream_disturbance_pct (0.09), slope_break (0.09)"
204,R01256,Priority 3,0.36595902638434497,0.5104700382834143,High,0.3013698630136986,Moderate,,0.5278968657177365,Medium,Watch list,High Logjam Susceptibility,139.828487,33.108776,2,0.258,False,,"susceptibility 0.51 (high); observed change 0.30 | drivers: wood_delivery_score (0.22), upstream_disturbance_pct (0.10), disturbance_to_stream_proximity (0.06)"
205,R01463,Priority 3,0.36448522490166385,0.5118686883916758,High,0.2965342679127726,Moderate,,0.5137321797559771,Medium,Watch list,High Logjam Susceptibility,139.822967,33.117225,1,0.392,False,,"susceptibility 0.51 (high); observed change 0.30 | drivers: wood_delivery_score (0.22), upstream_disturbance_pct (0.09), disturbance_to_stream_proximity (0.06)"
206,R02093,Priority 3,0.36215368169881057,0.5171831575968101,High,0.2854230377166157,Moderate,,0.5314067337892108,Medium,Watch list,High Logjam Susceptibility,139.854055,33.082123,3,1.6,False,minor,"susceptibility 0.52 (high); observed change 0.29 | drivers: wood_delivery_score (0.21), disturbance_to_stream_proximity (0.08), upstream_disturbance_pct (0.06)"
207,R01678,Priority 3,0.3612180349797302,0.5298983900361057,High,0.2692307692307692,Moderate,,0.5131410275361478,Medium,Watch list,High Logjam Susceptibility,139.840167,33.095147,1,0.249,False,,"susceptibility 0.53 (high); observed change 0.27 | drivers: wood_delivery_score (0.16), disturbance_to_stream_proximity (0.10), slope_break (0.10)"
208,R00678,Priority 3,0.3572422509583414,0.5143253315659501,High,0.2777777777777778,Moderate,,0.47907658211819765,Low,Watch list,High Logjam Susceptibility,139.781553,33.125444,2,0.23,False,,"susceptibility 0.51 (high); observed change 0.28 | drivers: wood_delivery_score (0.19), disturbance_to_stream_proximity (0.10), slope_break (0.08)"
209,R00477,Priority 3,0.35663637486895233,0.5131268953451804,High,0.2777777777777778,Moderate,,0.4730555596616533,Low,Watch list,High Logjam Susceptibility,139.781117,33.131489,1,0.06,True,,"susceptibility 0.51 (high); observed change 0.28 | drivers: wood_delivery_score (0.19), upstream_disturbance_pct (0.10), disturbance_to_stream_proximity (0.10) | small catchment: may be a dry gully"
210,R01587,Priority 3,0.35451183036423145,0.5094066092149024,High,0.2772384034519957,Moderate,,0.5037779124660884,Medium,Watch list,High Logjam Susceptibility,139.808596,33.114718,2,1.539,False,major,"susceptibility 0.51 (high); observed change 0.28 | drivers: wood_delivery_score (0.22), upstream_disturbance_pct (0.07), disturbance_to_stream_proximity (0.06)"
211,R00247,Priority 3,0.35222643843352014,0.5135502258668165,High,0.2675638371290545,Moderate,,0.5018933802040961,Medium,Watch list,High Logjam Susceptibility,139.779931,33.142036,1,0.113,True,,"susceptibility 0.51 (high); observed change 0.27 | drivers: wood_delivery_score (0.19), upstream_disturbance_pct (0.10), slope_break (0.10) | small catchment: may be a dry gully"
212,R00536,Priority 3,0.35204317012588104,0.5284406570344591,High,0.250708470522712,Moderate,,0.5225006190391541,Medium,Watch list,High Logjam Susceptibility,139.795674,33.131775,1,0.137,True,,"susceptibility 0.53 (high); observed change 0.25 | drivers: wood_delivery_score (0.21), upstream_disturbance_pct (0.10), disturbance_to_stream_proximity (0.10) | small catchment: may be a dry gully"
213,R01084,Priority 3,0.35067585820608244,0.513406822954441,High,0.2642980189491817,Moderate,,0.4600807557287758,Low,Watch list,High Logjam Susceptibility,139.830757,33.116595,2,0.345,False,,"susceptibility 0.51 (high); observed change 0.26 | drivers: wood_delivery_score (0.23), disturbance_to_stream_proximity (0.10), upstream_disturbance_pct (0.10)"
214,R01524,Priority 3,0.34674832678052125,0.502327195202065,High,0.26794750158127767,Moderate,,0.500096073347432,Medium,Watch list,High Logjam Susceptibility,139.788516,33.101827,1,0.097,True,,"susceptibility 0.50 (high); observed change 0.27 | drivers: wood_delivery_score (0.20), disturbance_to_stream_proximity (0.10), upstream_disturbance_pct (0.09) | small catchment: may be a dry gully"
215,R00017,Priority 3,0.3448571278576084,0.5042614249608054,High,0.2615923009623797,Moderate,,0.48741470260257175,Low,Watch list,High Logjam Susceptibility,139.764535,33.157799,1,0.122,True,,"susceptibility 0.50 (high); observed change 0.26 | drivers: wood_delivery_score (0.17), upstream_disturbance_pct (0.10), slope_break (0.10) | small catchment: may be a dry gully"
